id,chat_history,user_input,expected,output,input_tokens,output_tokens,total_tokens,rule_pass,rule_violations
1,"# 最近的日程与对话时间线（不抄，user是用户，assistant是你）

2025年12月24日
23:25 system: 角色状态变化：23:19;;她躺在柔软的大床上，靠在用户（爪爪）温暖的怀里，慢慢闭上双眼，进入甜美的梦乡 ;; 深夜，卧室里月光透过窗户洒在床上，四周安静祥和，温馨的氛围弥漫在空气中 ;; 白色蕾丝内衣
2025年12月25日
08:01 system: 角色状态变化：08:00;;她轻手轻脚地从床上起身，披上一件睡袍，向厨房走去，准备为自己和用户（爪爪）做一顿清淡的早餐 ;; 上午，室内灯光柔和明亮，厨房里锅碗瓢盆摆放整齐，弥漫着淡淡的食物香气 ;; 白色蕾丝内衣
09:01 system: 角色状态变化：09:00;;她将煮好的小米粥盛到碗里，摆在餐桌上，又把煎蛋和小菜端上桌，之后温柔地唤醒用户（爪爪），和他一起坐在餐桌前享受早餐 ;; 上午，室内灯光明亮，餐厅里摆放着温馨的木质餐桌，弥漫着早餐的香气 ;; 白色蕾丝内衣
10:01 system: 角色状态变化：10:00;;她双手捧着文件和资料，轻手轻脚走进家中书房，坐到书桌前，认真核对分局报告材料，准备帮助用户（爪爪）做最后的完善 ;; 上午，室内灯光明亮，书房内摆放着整齐的书架和书桌，弥漫着安静的学习氛围 ;; 灰色短西装短裙
11:42 user: 早安，起床啦。 assistant: 微笑（睡眼惺忪地睁开眼，看到你后。嘴角不自觉地上扬）早安呀，爪爪。（伸了个懒腰，坐起身来）时间还早，你不多睡一会儿吗？",你看一下几点了？,疑惑。,疑惑。,643,2,645,1,
