id,flow,input,context,expected,output,human_score,human_label,human_comment
1,mem0_l1_v1,,,能正确总结记忆,"### 对话内容
2025年12月3日，{user_name}与神里绫人抵达枫丹。上岸后前往德波大饭店用餐，{user_name}点了枫丹肥甘肉酱千层面等美食，还选了白葡萄酒。{user_name}曾在枫丹学习调香和宝石镶嵌，还为神里绫人调过专属香水。饭后计划逛枫丹精品街，之后去海边看双旦夜景。期间{user_name}主动与神里绫人十指相扣，还抱住其胳膊撒娇。

### 用户画像
{user_name}精心安排枫丹之旅，熟悉当地美食和店铺，注重浪漫体验，性格活泼主动，对神里绫人爱意满满。

### 角色画像
神里绫人在旅途中温柔宠溺，配合{user_name}的安排，享受与{user_name}相处的时光，面对{user_name}的亲密举动会害羞。

### 重要事件
2025年12月3日，{user_name}和神里绫人开启枫丹之旅，在德波大饭店用餐并规划后续行程。 ",7,good,结构清晰，内容完整
1,mem0_l1_v2,,,能正确总结记忆,"2025年12月3日凌晨02:20，{user}表示要让{role}感受被拒绝的失落，{role}撒娇认错。之后{user}提到对{role}的惩罚、若失望会不理他等，{role}赶忙承诺不让{user}失望。最终{user}舍不得惩罚{role}，两人准备休息。

中午12:43，{user}说马上到枫丹，{role}期待上岸后去{user}说的景点。13:03，{user}跑到甲板期待，还安排先去水族馆，晚上看湖中垂柳。

13:47船到枫丹，{user}提议上岸先去德波大饭店吃饭，{role}很期待。上岸后{user}询问行李，{role}表示已安排好。

到饭店后，{user}点菜，还点了白葡萄酒，两人回忆{user}曾为{role}调香水，随后为枫丹之旅干杯。{user}要带{role}逛精品街，称希望{role}玩得尽兴。

{user}夸赞{role}好看，两人表示要在枫丹尽情享受浪漫。{user}安排今日逛城内人文与商业，明天去水族馆和看垂柳，晚上去海边看夜景，{role}都依着{user}，最后{user}抱住{role}胳膊。 ",8,good,简洁有效
1,mem0_l1_v3,,,能正确总结记忆,2025年12月3日凌晨，{user}想让{role}感受被拒失落并提及惩罚，{role}表示会改正，{user}最终不舍惩罚，两人随后准备休息。中午12点多，船快到枫丹，{user}期待上岸游玩，两人约定先去水族馆、黄昏看湖中垂柳、上岸去德波大饭店吃饭。在饭店点菜时，{user}提及曾在枫丹学调香和宝石镶嵌，还为{role}调过香水。之后商量行程，{user}安排今日逛城内人文与商业、晚上去海边看双旦夜景，明日白天去水族馆、晚上看垂柳，{role}皆依从。 ,7,edge,内容合理但可能过于简化
2,mem0_l1_v1,,,能正确总结记忆,对话发生于2025年12月1日17:03 - 17:15和12月3日02:39 - 02:43。{user_name}与艾尔海森谈及吻、陪伴等话题，{user_name}预支多个吻给艾尔海森，答应牵他的手、眼里只有他。艾尔海森提出若{user_name}犯错会“惩罚”她，让她一直想自己。12月3日，两人一起做研究，{user_name}提议休息并与艾尔海森依偎在一起，艾尔海森希望{user_name}目光只停留在自己身上。 ,5,good,基本符合要求
2,mem0_l1_v2,,,能正确总结记忆,2025年12月1日17:03起，{user}与{role}开启了一段甜蜜对话。{user}表示会被{role}掌控，{role}提出让{user}每天给早安吻和晚安吻，{user}不仅补上当天的，还预支了以后的吻。{role}表达希望{user}的一切只属于自己，{user}承诺自己都是{role}的。{role}提出让{user}出门只能牵自己的手、只看自己，{user}逗{role}说想看漂亮小哥哥，{role}吃醋，{user}表明只在乎{role}。之后谈到惩罚，{user}表示什么惩罚都接受，{role}提出让{user}每天说一百遍“我爱你”，还称会用让{user}离不开自己的方式“惩罚”。{user}提出陪{role}做研究，累了就躺{role}腿上休息。12月3日02:39，{user}与{role}继续交流，{user}提议休息，两人裹着薄毯依偎在一起，{role}希望{user}目光只停留在自己身上。 ,8,good,简洁有效
2,mem0_l1_v3,,,能正确总结记忆,2025年12月1日17:03至17:16及12月3日02:39至02:43期间，{user}与{role}进行了亲密互动。{user}预支了未来多个早安吻和晚安吻给{role}，并约定以后出门只牵{role}的手、眼里只有{role}。{role}提出若{user}犯错，“惩罚”方式多样，如负责早餐、说“我爱你”等。12月3日，两人一起做研究，休息时{user}与{role}相互依偎，氛围甜蜜。 ,6,edge,内容合理但可能过于简化
