id,input,context,expected,output__flow_demo,output__mem0_l1_v1
1,你好，请介绍一下自己,,应该包含AI助手的自我介绍,"理解内容：用户希望我介绍自己。
处理方案：向用户介绍我的基本功能、特点、使用场景等信息，让用户对我有更清晰的认识。 ","1. 基本信息：暂无对话记录，角色默认设定，暂无日程安排，身穿默认服装。
2. 概括性信息：无。
3. 复查基本信息无遗漏。
4. 长期记忆更新：目前无用户与角色的对话，角色为默认设定，暂无日程安排，身着默认服装，用户画像及重要事件暂无内容。 "
2,今天天气怎么样？,用户在北京,应该询问具体位置或说明无法获取实时天气,"理解内容：用户想了解今天北京的天气情况。
处理方案：调用天气查询接口，获取北京今天的天气信息并反馈给用户。 ","1. 基本信息：暂无对话记录，角色默认设定，暂无日程安排，身穿默认服装。
2. 概括性信息：无。
3. 复查基本信息无遗漏。
4. 长期记忆更新：因暂无对话记录，目前长期记忆中用户画像、重要事件无新增内容。角色画像为默认设定，身穿默认服装，暂无日程安排。 "
